Entry,Mutant,Palmitoylation_Fraction,Entry Name,Protein names,Gene Names,Length,Sequence,Subcellular location [CC],Topological domain,Transmembrane
O15551_M3,3,0.68,CLD3_HUMAN,Claudin-3 (Clostridium perfringens enterotoxin receptor 2) (CPE-R 2) (CPE-receptor 2) (Rat ventral prostate.1 protein homolog) (hRVP1),CLDN3 C7orf1 CPETR2,220,MSCGLEITGTALAVLGWLGTIVCCALPMWRVSAFIGSNIITSQNIWEGLWMNCVVQSTGQMQCKVYDSLLALPQDLQAARALIVVAILLAAFGLLVALVGAQATNAVQDDTAKAKITIVAGVLFLLAALLTLVPVSWSANTIIRDFYNPVVPEAQKREMGAGLYVGWAAAALQLLGGALLAASAPPREKKYTATKVVYSAPRSTGPGASLGTGYDRKDYV,"SUBCELLULAR LOCATION: Cell junction, tight junction {ECO:0000250|UniProtKB:Q9Z0G9}. Cell membrane {ECO:0000250|UniProtKB:Q9Z0G9}; Multi-pass membrane protein {ECO:0000250|UniProtKB:Q9Z0G9}.","TOPO_DOM 1..8; /note=""Cytoplasmic""; /evidence=""ECO:0000255""; TOPO_DOM 30..80; /note=""Extracellular""; /evidence=""ECO:0000255""; TOPO_DOM 102..115; /note=""Cytoplasmic""; /evidence=""ECO:0000255""; TOPO_DOM 137..159; /note=""Extracellular""; /evidence=""ECO:0000255""; TOPO_DOM 181..220; /note=""Cytoplasmic""; /evidence=""ECO:0000255""","TRANSMEM 9..29; /note=""Helical""; /evidence=""ECO:0000255""; TRANSMEM 81..101; /note=""Helical""; /evidence=""ECO:0000255""; TRANSMEM 116..136; /note=""Helical""; /evidence=""ECO:0000255""; TRANSMEM 160..180; /note=""Helical""; /evidence=""ECO:0000255"""
O15551_G4,4,0.9,CLD3_HUMAN,Claudin-3 (Clostridium perfringens enterotoxin receptor 2) (CPE-R 2) (CPE-receptor 2) (Rat ventral prostate.1 protein homolog) (hRVP1),CLDN3 C7orf1 CPETR2,220,MSMCLEITGTALAVLGWLGTIVCCALPMWRVSAFIGSNIITSQNIWEGLWMNCVVQSTGQMQCKVYDSLLALPQDLQAARALIVVAILLAAFGLLVALVGAQATNAVQDDTAKAKITIVAGVLFLLAALLTLVPVSWSANTIIRDFYNPVVPEAQKREMGAGLYVGWAAAALQLLGGALLAASAPPREKKYTATKVVYSAPRSTGPGASLGTGYDRKDYV,"SUBCELLULAR LOCATION: Cell junction, tight junction {ECO:0000250|UniProtKB:Q9Z0G9}. Cell membrane {ECO:0000250|UniProtKB:Q9Z0G9}; Multi-pass membrane protein {ECO:0000250|UniProtKB:Q9Z0G9}.","TOPO_DOM 1..8; /note=""Cytoplasmic""; /evidence=""ECO:0000255""; TOPO_DOM 30..80; /note=""Extracellular""; /evidence=""ECO:0000255""; TOPO_DOM 102..115; /note=""Cytoplasmic""; /evidence=""ECO:0000255""; TOPO_DOM 137..159; /note=""Extracellular""; /evidence=""ECO:0000255""; TOPO_DOM 181..220; /note=""Cytoplasmic""; /evidence=""ECO:0000255""","TRANSMEM 9..29; /note=""Helical""; /evidence=""ECO:0000255""; TRANSMEM 81..101; /note=""Helical""; /evidence=""ECO:0000255""; TRANSMEM 116..136; /note=""Helical""; /evidence=""ECO:0000255""; TRANSMEM 160..180; /note=""Helical""; /evidence=""ECO:0000255"""
O15551_L5,5,0.78,CLD3_HUMAN,Claudin-3 (Clostridium perfringens enterotoxin receptor 2) (CPE-R 2) (CPE-receptor 2) (Rat ventral prostate.1 protein homolog) (hRVP1),CLDN3 C7orf1 CPETR2,220,MSMGCEITGTALAVLGWLGTIVCCALPMWRVSAFIGSNIITSQNIWEGLWMNCVVQSTGQMQCKVYDSLLALPQDLQAARALIVVAILLAAFGLLVALVGAQATNAVQDDTAKAKITIVAGVLFLLAALLTLVPVSWSANTIIRDFYNPVVPEAQKREMGAGLYVGWAAAALQLLGGALLAASAPPREKKYTATKVVYSAPRSTGPGASLGTGYDRKDYV,"SUBCELLULAR LOCATION: Cell junction, tight junction {ECO:0000250|UniProtKB:Q9Z0G9}. Cell membrane {ECO:0000250|UniProtKB:Q9Z0G9}; Multi-pass membrane protein {ECO:0000250|UniProtKB:Q9Z0G9}.","TOPO_DOM 1..8; /note=""Cytoplasmic""; /evidence=""ECO:0000255""; TOPO_DOM 30..80; /note=""Extracellular""; /evidence=""ECO:0000255""; TOPO_DOM 102..115; /note=""Cytoplasmic""; /evidence=""ECO:0000255""; TOPO_DOM 137..159; /note=""Extracellular""; /evidence=""ECO:0000255""; TOPO_DOM 181..220; /note=""Cytoplasmic""; /evidence=""ECO:0000255""","TRANSMEM 9..29; /note=""Helical""; /evidence=""ECO:0000255""; TRANSMEM 81..101; /note=""Helical""; /evidence=""ECO:0000255""; TRANSMEM 116..136; /note=""Helical""; /evidence=""ECO:0000255""; TRANSMEM 160..180; /note=""Helical""; /evidence=""ECO:0000255"""
O15551_E6,6,0.59,CLD3_HUMAN,Claudin-3 (Clostridium perfringens enterotoxin receptor 2) (CPE-R 2) (CPE-receptor 2) (Rat ventral prostate.1 protein homolog) (hRVP1),CLDN3 C7orf1 CPETR2,220,MSMGLCITGTALAVLGWLGTIVCCALPMWRVSAFIGSNIITSQNIWEGLWMNCVVQSTGQMQCKVYDSLLALPQDLQAARALIVVAILLAAFGLLVALVGAQATNAVQDDTAKAKITIVAGVLFLLAALLTLVPVSWSANTIIRDFYNPVVPEAQKREMGAGLYVGWAAAALQLLGGALLAASAPPREKKYTATKVVYSAPRSTGPGASLGTGYDRKDYV,"SUBCELLULAR LOCATION: Cell junction, tight junction {ECO:0000250|UniProtKB:Q9Z0G9}. Cell membrane {ECO:0000250|UniProtKB:Q9Z0G9}; Multi-pass membrane protein {ECO:0000250|UniProtKB:Q9Z0G9}.","TOPO_DOM 1..8; /note=""Cytoplasmic""; /evidence=""ECO:0000255""; TOPO_DOM 30..80; /note=""Extracellular""; /evidence=""ECO:0000255""; TOPO_DOM 102..115; /note=""Cytoplasmic""; /evidence=""ECO:0000255""; TOPO_DOM 137..159; /note=""Extracellular""; /evidence=""ECO:0000255""; TOPO_DOM 181..220; /note=""Cytoplasmic""; /evidence=""ECO:0000255""","TRANSMEM 9..29; /note=""Helical""; /evidence=""ECO:0000255""; TRANSMEM 81..101; /note=""Helical""; /evidence=""ECO:0000255""; TRANSMEM 116..136; /note=""Helical""; /evidence=""ECO:0000255""; TRANSMEM 160..180; /note=""Helical""; /evidence=""ECO:0000255"""
O15551_I7,7,0.26,CLD3_HUMAN,Claudin-3 (Clostridium perfringens enterotoxin receptor 2) (CPE-R 2) (CPE-receptor 2) (Rat ventral prostate.1 protein homolog) (hRVP1),CLDN3 C7orf1 CPETR2,220,MSMGLECTGTALAVLGWLGTIVCCALPMWRVSAFIGSNIITSQNIWEGLWMNCVVQSTGQMQCKVYDSLLALPQDLQAARALIVVAILLAAFGLLVALVGAQATNAVQDDTAKAKITIVAGVLFLLAALLTLVPVSWSANTIIRDFYNPVVPEAQKREMGAGLYVGWAAAALQLLGGALLAASAPPREKKYTATKVVYSAPRSTGPGASLGTGYDRKDYV,"SUBCELLULAR LOCATION: Cell junction, tight junction {ECO:0000250|UniProtKB:Q9Z0G9}. Cell membrane {ECO:0000250|UniProtKB:Q9Z0G9}; Multi-pass membrane protein {ECO:0000250|UniProtKB:Q9Z0G9}.","TOPO_DOM 1..8; /note=""Cytoplasmic""; /evidence=""ECO:0000255""; TOPO_DOM 30..80; /note=""Extracellular""; /evidence=""ECO:0000255""; TOPO_DOM 102..115; /note=""Cytoplasmic""; /evidence=""ECO:0000255""; TOPO_DOM 137..159; /note=""Extracellular""; /evidence=""ECO:0000255""; TOPO_DOM 181..220; /note=""Cytoplasmic""; /evidence=""ECO:0000255""","TRANSMEM 9..29; /note=""Helical""; /evidence=""ECO:0000255""; TRANSMEM 81..101; /note=""Helical""; /evidence=""ECO:0000255""; TRANSMEM 116..136; /note=""Helical""; /evidence=""ECO:0000255""; TRANSMEM 160..180; /note=""Helical""; /evidence=""ECO:0000255"""
O15551_V99,99,0.93,CLD3_HUMAN,Claudin-3 (Clostridium perfringens enterotoxin receptor 2) (CPE-R 2) (CPE-receptor 2) (Rat ventral prostate.1 protein homolog) (hRVP1),CLDN3 C7orf1 CPETR2,220,MSMGLEITGTALAVLGWLGTIVCCALPMWRVSAFIGSNIITSQNIWEGLWMNCVVQSTGQMQCKVYDSLLALPQDLQAARALIVVAILLAAFGLLVALCGAQATNAVQDDTAKAKITIVAGVLFLLAALLTLVPVSWSANTIIRDFYNPVVPEAQKREMGAGLYVGWAAAALQLLGGALLAASAPPREKKYTATKVVYSAPRSTGPGASLGTGYDRKDYV,"SUBCELLULAR LOCATION: Cell junction, tight junction {ECO:0000250|UniProtKB:Q9Z0G9}. Cell membrane {ECO:0000250|UniProtKB:Q9Z0G9}; Multi-pass membrane protein {ECO:0000250|UniProtKB:Q9Z0G9}.","TOPO_DOM 1..8; /note=""Cytoplasmic""; /evidence=""ECO:0000255""; TOPO_DOM 30..80; /note=""Extracellular""; /evidence=""ECO:0000255""; TOPO_DOM 102..115; /note=""Cytoplasmic""; /evidence=""ECO:0000255""; TOPO_DOM 137..159; /note=""Extracellular""; /evidence=""ECO:0000255""; TOPO_DOM 181..220; /note=""Cytoplasmic""; /evidence=""ECO:0000255""","TRANSMEM 9..29; /note=""Helical""; /evidence=""ECO:0000255""; TRANSMEM 81..101; /note=""Helical""; /evidence=""ECO:0000255""; TRANSMEM 116..136; /note=""Helical""; /evidence=""ECO:0000255""; TRANSMEM 160..180; /note=""Helical""; /evidence=""ECO:0000255"""
O15551_A101,101,0.78,CLD3_HUMAN,Claudin-3 (Clostridium perfringens enterotoxin receptor 2) (CPE-R 2) (CPE-receptor 2) (Rat ventral prostate.1 protein homolog) (hRVP1),CLDN3 C7orf1 CPETR2,220,MSMGLEITGTALAVLGWLGTIVCCALPMWRVSAFIGSNIITSQNIWEGLWMNCVVQSTGQMQCKVYDSLLALPQDLQAARALIVVAILLAAFGLLVALVGCQATNAVQDDTAKAKITIVAGVLFLLAALLTLVPVSWSANTIIRDFYNPVVPEAQKREMGAGLYVGWAAAALQLLGGALLAASAPPREKKYTATKVVYSAPRSTGPGASLGTGYDRKDYV,"SUBCELLULAR LOCATION: Cell junction, tight junction {ECO:0000250|UniProtKB:Q9Z0G9}. Cell membrane {ECO:0000250|UniProtKB:Q9Z0G9}; Multi-pass membrane protein {ECO:0000250|UniProtKB:Q9Z0G9}.","TOPO_DOM 1..8; /note=""Cytoplasmic""; /evidence=""ECO:0000255""; TOPO_DOM 30..80; /note=""Extracellular""; /evidence=""ECO:0000255""; TOPO_DOM 102..115; /note=""Cytoplasmic""; /evidence=""ECO:0000255""; TOPO_DOM 137..159; /note=""Extracellular""; /evidence=""ECO:0000255""; TOPO_DOM 181..220; /note=""Cytoplasmic""; /evidence=""ECO:0000255""","TRANSMEM 9..29; /note=""Helical""; /evidence=""ECO:0000255""; TRANSMEM 81..101; /note=""Helical""; /evidence=""ECO:0000255""; TRANSMEM 116..136; /note=""Helical""; /evidence=""ECO:0000255""; TRANSMEM 160..180; /note=""Helical""; /evidence=""ECO:0000255"""
O15551_A103,103,0.77,CLD3_HUMAN,Claudin-3 (Clostridium perfringens enterotoxin receptor 2) (CPE-R 2) (CPE-receptor 2) (Rat ventral prostate.1 protein homolog) (hRVP1),CLDN3 C7orf1 CPETR2,220,MSMGLEITGTALAVLGWLGTIVCCALPMWRVSAFIGSNIITSQNIWEGLWMNCVVQSTGQMQCKVYDSLLALPQDLQAARALIVVAILLAAFGLLVALVGAQCTNAVQDDTAKAKITIVAGVLFLLAALLTLVPVSWSANTIIRDFYNPVVPEAQKREMGAGLYVGWAAAALQLLGGALLAASAPPREKKYTATKVVYSAPRSTGPGASLGTGYDRKDYV,"SUBCELLULAR LOCATION: Cell junction, tight junction {ECO:0000250|UniProtKB:Q9Z0G9}. Cell membrane {ECO:0000250|UniProtKB:Q9Z0G9}; Multi-pass membrane protein {ECO:0000250|UniProtKB:Q9Z0G9}.","TOPO_DOM 1..8; /note=""Cytoplasmic""; /evidence=""ECO:0000255""; TOPO_DOM 30..80; /note=""Extracellular""; /evidence=""ECO:0000255""; TOPO_DOM 102..115; /note=""Cytoplasmic""; /evidence=""ECO:0000255""; TOPO_DOM 137..159; /note=""Extracellular""; /evidence=""ECO:0000255""; TOPO_DOM 181..220; /note=""Cytoplasmic""; /evidence=""ECO:0000255""","TRANSMEM 9..29; /note=""Helical""; /evidence=""ECO:0000255""; TRANSMEM 81..101; /note=""Helical""; /evidence=""ECO:0000255""; TRANSMEM 116..136; /note=""Helical""; /evidence=""ECO:0000255""; TRANSMEM 160..180; /note=""Helical""; /evidence=""ECO:0000255"""
O15551_A106,106,0.76,CLD3_HUMAN,Claudin-3 (Clostridium perfringens enterotoxin receptor 2) (CPE-R 2) (CPE-receptor 2) (Rat ventral prostate.1 protein homolog) (hRVP1),CLDN3 C7orf1 CPETR2,220,MSMGLEITGTALAVLGWLGTIVCCALPMWRVSAFIGSNIITSQNIWEGLWMNCVVQSTGQMQCKVYDSLLALPQDLQAARALIVVAILLAAFGLLVALVGAQATNCVQDDTAKAKITIVAGVLFLLAALLTLVPVSWSANTIIRDFYNPVVPEAQKREMGAGLYVGWAAAALQLLGGALLAASAPPREKKYTATKVVYSAPRSTGPGASLGTGYDRKDYV,"SUBCELLULAR LOCATION: Cell junction, tight junction {ECO:0000250|UniProtKB:Q9Z0G9}. Cell membrane {ECO:0000250|UniProtKB:Q9Z0G9}; Multi-pass membrane protein {ECO:0000250|UniProtKB:Q9Z0G9}.","TOPO_DOM 1..8; /note=""Cytoplasmic""; /evidence=""ECO:0000255""; TOPO_DOM 30..80; /note=""Extracellular""; /evidence=""ECO:0000255""; TOPO_DOM 102..115; /note=""Cytoplasmic""; /evidence=""ECO:0000255""; TOPO_DOM 137..159; /note=""Extracellular""; /evidence=""ECO:0000255""; TOPO_DOM 181..220; /note=""Cytoplasmic""; /evidence=""ECO:0000255""","TRANSMEM 9..29; /note=""Helical""; /evidence=""ECO:0000255""; TRANSMEM 81..101; /note=""Helical""; /evidence=""ECO:0000255""; TRANSMEM 116..136; /note=""Helical""; /evidence=""ECO:0000255""; TRANSMEM 160..180; /note=""Helical""; /evidence=""ECO:0000255"""
O15551_T111,111,0.17,CLD3_HUMAN,Claudin-3 (Clostridium perfringens enterotoxin receptor 2) (CPE-R 2) (CPE-receptor 2) (Rat ventral prostate.1 protein homolog) (hRVP1),CLDN3 C7orf1 CPETR2,220,MSMGLEITGTALAVLGWLGTIVCCALPMWRVSAFIGSNIITSQNIWEGLWMNCVVQSTGQMQCKVYDSLLALPQDLQAARALIVVAILLAAFGLLVALVGAQATNAVQDDCAKAKITIVAGVLFLLAALLTLVPVSWSANTIIRDFYNPVVPEAQKREMGAGLYVGWAAAALQLLGGALLAASAPPREKKYTATKVVYSAPRSTGPGASLGTGYDRKDYV,"SUBCELLULAR LOCATION: Cell junction, tight junction {ECO:0000250|UniProtKB:Q9Z0G9}. Cell membrane {ECO:0000250|UniProtKB:Q9Z0G9}; Multi-pass membrane protein {ECO:0000250|UniProtKB:Q9Z0G9}.","TOPO_DOM 1..8; /note=""Cytoplasmic""; /evidence=""ECO:0000255""; TOPO_DOM 30..80; /note=""Extracellular""; /evidence=""ECO:0000255""; TOPO_DOM 102..115; /note=""Cytoplasmic""; /evidence=""ECO:0000255""; TOPO_DOM 137..159; /note=""Extracellular""; /evidence=""ECO:0000255""; TOPO_DOM 181..220; /note=""Cytoplasmic""; /evidence=""ECO:0000255""","TRANSMEM 9..29; /note=""Helical""; /evidence=""ECO:0000255""; TRANSMEM 81..101; /note=""Helical""; /evidence=""ECO:0000255""; TRANSMEM 116..136; /note=""Helical""; /evidence=""ECO:0000255""; TRANSMEM 160..180; /note=""Helical""; /evidence=""ECO:0000255"""
O15551_A112,112,0.51,CLD3_HUMAN,Claudin-3 (Clostridium perfringens enterotoxin receptor 2) (CPE-R 2) (CPE-receptor 2) (Rat ventral prostate.1 protein homolog) (hRVP1),CLDN3 C7orf1 CPETR2,220,MSMGLEITGTALAVLGWLGTIVCCALPMWRVSAFIGSNIITSQNIWEGLWMNCVVQSTGQMQCKVYDSLLALPQDLQAARALIVVAILLAAFGLLVALVGAQATNAVQDDTCKAKITIVAGVLFLLAALLTLVPVSWSANTIIRDFYNPVVPEAQKREMGAGLYVGWAAAALQLLGGALLAASAPPREKKYTATKVVYSAPRSTGPGASLGTGYDRKDYV,"SUBCELLULAR LOCATION: Cell junction, tight junction {ECO:0000250|UniProtKB:Q9Z0G9}. Cell membrane {ECO:0000250|UniProtKB:Q9Z0G9}; Multi-pass membrane protein {ECO:0000250|UniProtKB:Q9Z0G9}.","TOPO_DOM 1..8; /note=""Cytoplasmic""; /evidence=""ECO:0000255""; TOPO_DOM 30..80; /note=""Extracellular""; /evidence=""ECO:0000255""; TOPO_DOM 102..115; /note=""Cytoplasmic""; /evidence=""ECO:0000255""; TOPO_DOM 137..159; /note=""Extracellular""; /evidence=""ECO:0000255""; TOPO_DOM 181..220; /note=""Cytoplasmic""; /evidence=""ECO:0000255""","TRANSMEM 9..29; /note=""Helical""; /evidence=""ECO:0000255""; TRANSMEM 81..101; /note=""Helical""; /evidence=""ECO:0000255""; TRANSMEM 116..136; /note=""Helical""; /evidence=""ECO:0000255""; TRANSMEM 160..180; /note=""Helical""; /evidence=""ECO:0000255"""
O15551_K113,113,0.48,CLD3_HUMAN,Claudin-3 (Clostridium perfringens enterotoxin receptor 2) (CPE-R 2) (CPE-receptor 2) (Rat ventral prostate.1 protein homolog) (hRVP1),CLDN3 C7orf1 CPETR2,220,MSMGLEITGTALAVLGWLGTIVCCALPMWRVSAFIGSNIITSQNIWEGLWMNCVVQSTGQMQCKVYDSLLALPQDLQAARALIVVAILLAAFGLLVALVGAQATNAVQDDTACAKITIVAGVLFLLAALLTLVPVSWSANTIIRDFYNPVVPEAQKREMGAGLYVGWAAAALQLLGGALLAASAPPREKKYTATKVVYSAPRSTGPGASLGTGYDRKDYV,"SUBCELLULAR LOCATION: Cell junction, tight junction {ECO:0000250|UniProtKB:Q9Z0G9}. Cell membrane {ECO:0000250|UniProtKB:Q9Z0G9}; Multi-pass membrane protein {ECO:0000250|UniProtKB:Q9Z0G9}.","TOPO_DOM 1..8; /note=""Cytoplasmic""; /evidence=""ECO:0000255""; TOPO_DOM 30..80; /note=""Extracellular""; /evidence=""ECO:0000255""; TOPO_DOM 102..115; /note=""Cytoplasmic""; /evidence=""ECO:0000255""; TOPO_DOM 137..159; /note=""Extracellular""; /evidence=""ECO:0000255""; TOPO_DOM 181..220; /note=""Cytoplasmic""; /evidence=""ECO:0000255""","TRANSMEM 9..29; /note=""Helical""; /evidence=""ECO:0000255""; TRANSMEM 81..101; /note=""Helical""; /evidence=""ECO:0000255""; TRANSMEM 116..136; /note=""Helical""; /evidence=""ECO:0000255""; TRANSMEM 160..180; /note=""Helical""; /evidence=""ECO:0000255"""
O15551_A114,114,0.41,CLD3_HUMAN,Claudin-3 (Clostridium perfringens enterotoxin receptor 2) (CPE-R 2) (CPE-receptor 2) (Rat ventral prostate.1 protein homolog) (hRVP1),CLDN3 C7orf1 CPETR2,220,MSMGLEITGTALAVLGWLGTIVCCALPMWRVSAFIGSNIITSQNIWEGLWMNCVVQSTGQMQCKVYDSLLALPQDLQAARALIVVAILLAAFGLLVALVGAQATNAVQDDTAKCKITIVAGVLFLLAALLTLVPVSWSANTIIRDFYNPVVPEAQKREMGAGLYVGWAAAALQLLGGALLAASAPPREKKYTATKVVYSAPRSTGPGASLGTGYDRKDYV,"SUBCELLULAR LOCATION: Cell junction, tight junction {ECO:0000250|UniProtKB:Q9Z0G9}. Cell membrane {ECO:0000250|UniProtKB:Q9Z0G9}; Multi-pass membrane protein {ECO:0000250|UniProtKB:Q9Z0G9}.","TOPO_DOM 1..8; /note=""Cytoplasmic""; /evidence=""ECO:0000255""; TOPO_DOM 30..80; /note=""Extracellular""; /evidence=""ECO:0000255""; TOPO_DOM 102..115; /note=""Cytoplasmic""; /evidence=""ECO:0000255""; TOPO_DOM 137..159; /note=""Extracellular""; /evidence=""ECO:0000255""; TOPO_DOM 181..220; /note=""Cytoplasmic""; /evidence=""ECO:0000255""","TRANSMEM 9..29; /note=""Helical""; /evidence=""ECO:0000255""; TRANSMEM 81..101; /note=""Helical""; /evidence=""ECO:0000255""; TRANSMEM 116..136; /note=""Helical""; /evidence=""ECO:0000255""; TRANSMEM 160..180; /note=""Helical""; /evidence=""ECO:0000255"""
O15551_K115,115,0.22,CLD3_HUMAN,Claudin-3 (Clostridium perfringens enterotoxin receptor 2) (CPE-R 2) (CPE-receptor 2) (Rat ventral prostate.1 protein homolog) (hRVP1),CLDN3 C7orf1 CPETR2,220,MSMGLEITGTALAVLGWLGTIVCCALPMWRVSAFIGSNIITSQNIWEGLWMNCVVQSTGQMQCKVYDSLLALPQDLQAARALIVVAILLAAFGLLVALVGAQATNAVQDDTAKACITIVAGVLFLLAALLTLVPVSWSANTIIRDFYNPVVPEAQKREMGAGLYVGWAAAALQLLGGALLAASAPPREKKYTATKVVYSAPRSTGPGASLGTGYDRKDYV,"SUBCELLULAR LOCATION: Cell junction, tight junction {ECO:0000250|UniProtKB:Q9Z0G9}. Cell membrane {ECO:0000250|UniProtKB:Q9Z0G9}; Multi-pass membrane protein {ECO:0000250|UniProtKB:Q9Z0G9}.","TOPO_DOM 1..8; /note=""Cytoplasmic""; /evidence=""ECO:0000255""; TOPO_DOM 30..80; /note=""Extracellular""; /evidence=""ECO:0000255""; TOPO_DOM 102..115; /note=""Cytoplasmic""; /evidence=""ECO:0000255""; TOPO_DOM 137..159; /note=""Extracellular""; /evidence=""ECO:0000255""; TOPO_DOM 181..220; /note=""Cytoplasmic""; /evidence=""ECO:0000255""","TRANSMEM 9..29; /note=""Helical""; /evidence=""ECO:0000255""; TRANSMEM 81..101; /note=""Helical""; /evidence=""ECO:0000255""; TRANSMEM 116..136; /note=""Helical""; /evidence=""ECO:0000255""; TRANSMEM 160..180; /note=""Helical""; /evidence=""ECO:0000255"""
O15551_I116,116,0.07,CLD3_HUMAN,Claudin-3 (Clostridium perfringens enterotoxin receptor 2) (CPE-R 2) (CPE-receptor 2) (Rat ventral prostate.1 protein homolog) (hRVP1),CLDN3 C7orf1 CPETR2,220,MSMGLEITGTALAVLGWLGTIVCCALPMWRVSAFIGSNIITSQNIWEGLWMNCVVQSTGQMQCKVYDSLLALPQDLQAARALIVVAILLAAFGLLVALVGAQATNAVQDDTAKAKCTIVAGVLFLLAALLTLVPVSWSANTIIRDFYNPVVPEAQKREMGAGLYVGWAAAALQLLGGALLAASAPPREKKYTATKVVYSAPRSTGPGASLGTGYDRKDYV,"SUBCELLULAR LOCATION: Cell junction, tight junction {ECO:0000250|UniProtKB:Q9Z0G9}. Cell membrane {ECO:0000250|UniProtKB:Q9Z0G9}; Multi-pass membrane protein {ECO:0000250|UniProtKB:Q9Z0G9}.","TOPO_DOM 1..8; /note=""Cytoplasmic""; /evidence=""ECO:0000255""; TOPO_DOM 30..80; /note=""Extracellular""; /evidence=""ECO:0000255""; TOPO_DOM 102..115; /note=""Cytoplasmic""; /evidence=""ECO:0000255""; TOPO_DOM 137..159; /note=""Extracellular""; /evidence=""ECO:0000255""; TOPO_DOM 181..220; /note=""Cytoplasmic""; /evidence=""ECO:0000255""","TRANSMEM 9..29; /note=""Helical""; /evidence=""ECO:0000255""; TRANSMEM 81..101; /note=""Helical""; /evidence=""ECO:0000255""; TRANSMEM 116..136; /note=""Helical""; /evidence=""ECO:0000255""; TRANSMEM 160..180; /note=""Helical""; /evidence=""ECO:0000255"""
O15551_I118,118,0.08,CLD3_HUMAN,Claudin-3 (Clostridium perfringens enterotoxin receptor 2) (CPE-R 2) (CPE-receptor 2) (Rat ventral prostate.1 protein homolog) (hRVP1),CLDN3 C7orf1 CPETR2,220,MSMGLEITGTALAVLGWLGTIVCCALPMWRVSAFIGSNIITSQNIWEGLWMNCVVQSTGQMQCKVYDSLLALPQDLQAARALIVVAILLAAFGLLVALVGAQATNAVQDDTAKAKITCVAGVLFLLAALLTLVPVSWSANTIIRDFYNPVVPEAQKREMGAGLYVGWAAAALQLLGGALLAASAPPREKKYTATKVVYSAPRSTGPGASLGTGYDRKDYV,"SUBCELLULAR LOCATION: Cell junction, tight junction {ECO:0000250|UniProtKB:Q9Z0G9}. Cell membrane {ECO:0000250|UniProtKB:Q9Z0G9}; Multi-pass membrane protein {ECO:0000250|UniProtKB:Q9Z0G9}.","TOPO_DOM 1..8; /note=""Cytoplasmic""; /evidence=""ECO:0000255""; TOPO_DOM 30..80; /note=""Extracellular""; /evidence=""ECO:0000255""; TOPO_DOM 102..115; /note=""Cytoplasmic""; /evidence=""ECO:0000255""; TOPO_DOM 137..159; /note=""Extracellular""; /evidence=""ECO:0000255""; TOPO_DOM 181..220; /note=""Cytoplasmic""; /evidence=""ECO:0000255""","TRANSMEM 9..29; /note=""Helical""; /evidence=""ECO:0000255""; TRANSMEM 81..101; /note=""Helical""; /evidence=""ECO:0000255""; TRANSMEM 116..136; /note=""Helical""; /evidence=""ECO:0000255""; TRANSMEM 160..180; /note=""Helical""; /evidence=""ECO:0000255"""
O15551_A178,178,0.06,CLD3_HUMAN,Claudin-3 (Clostridium perfringens enterotoxin receptor 2) (CPE-R 2) (CPE-receptor 2) (Rat ventral prostate.1 protein homolog) (hRVP1),CLDN3 C7orf1 CPETR2,220,MSMGLEITGTALAVLGWLGTIVCCALPMWRVSAFIGSNIITSQNIWEGLWMNCVVQSTGQMQCKVYDSLLALPQDLQAARALIVVAILLAAFGLLVALVGAQATNAVQDDTAKAKITIVAGVLFLLAALLTLVPVSWSANTIIRDFYNPVVPEAQKREMGAGLYVGWAAAALQLLGGCLLAASAPPREKKYTATKVVYSAPRSTGPGASLGTGYDRKDYV,"SUBCELLULAR LOCATION: Cell junction, tight junction {ECO:0000250|UniProtKB:Q9Z0G9}. Cell membrane {ECO:0000250|UniProtKB:Q9Z0G9}; Multi-pass membrane protein {ECO:0000250|UniProtKB:Q9Z0G9}.","TOPO_DOM 1..8; /note=""Cytoplasmic""; /evidence=""ECO:0000255""; TOPO_DOM 30..80; /note=""Extracellular""; /evidence=""ECO:0000255""; TOPO_DOM 102..115; /note=""Cytoplasmic""; /evidence=""ECO:0000255""; TOPO_DOM 137..159; /note=""Extracellular""; /evidence=""ECO:0000255""; TOPO_DOM 181..220; /note=""Cytoplasmic""; /evidence=""ECO:0000255""","TRANSMEM 9..29; /note=""Helical""; /evidence=""ECO:0000255""; TRANSMEM 81..101; /note=""Helical""; /evidence=""ECO:0000255""; TRANSMEM 116..136; /note=""Helical""; /evidence=""ECO:0000255""; TRANSMEM 160..180; /note=""Helical""; /evidence=""ECO:0000255"""
O15551_L179,179,0.12,CLD3_HUMAN,Claudin-3 (Clostridium perfringens enterotoxin receptor 2) (CPE-R 2) (CPE-receptor 2) (Rat ventral prostate.1 protein homolog) (hRVP1),CLDN3 C7orf1 CPETR2,220,MSMGLEITGTALAVLGWLGTIVCCALPMWRVSAFIGSNIITSQNIWEGLWMNCVVQSTGQMQCKVYDSLLALPQDLQAARALIVVAILLAAFGLLVALVGAQATNAVQDDTAKAKITIVAGVLFLLAALLTLVPVSWSANTIIRDFYNPVVPEAQKREMGAGLYVGWAAAALQLLGGACLAASAPPREKKYTATKVVYSAPRSTGPGASLGTGYDRKDYV,"SUBCELLULAR LOCATION: Cell junction, tight junction {ECO:0000250|UniProtKB:Q9Z0G9}. Cell membrane {ECO:0000250|UniProtKB:Q9Z0G9}; Multi-pass membrane protein {ECO:0000250|UniProtKB:Q9Z0G9}.","TOPO_DOM 1..8; /note=""Cytoplasmic""; /evidence=""ECO:0000255""; TOPO_DOM 30..80; /note=""Extracellular""; /evidence=""ECO:0000255""; TOPO_DOM 102..115; /note=""Cytoplasmic""; /evidence=""ECO:0000255""; TOPO_DOM 137..159; /note=""Extracellular""; /evidence=""ECO:0000255""; TOPO_DOM 181..220; /note=""Cytoplasmic""; /evidence=""ECO:0000255""","TRANSMEM 9..29; /note=""Helical""; /evidence=""ECO:0000255""; TRANSMEM 81..101; /note=""Helical""; /evidence=""ECO:0000255""; TRANSMEM 116..136; /note=""Helical""; /evidence=""ECO:0000255""; TRANSMEM 160..180; /note=""Helical""; /evidence=""ECO:0000255"""
O15551_L180,180,0.01,CLD3_HUMAN,Claudin-3 (Clostridium perfringens enterotoxin receptor 2) (CPE-R 2) (CPE-receptor 2) (Rat ventral prostate.1 protein homolog) (hRVP1),CLDN3 C7orf1 CPETR2,220,MSMGLEITGTALAVLGWLGTIVCCALPMWRVSAFIGSNIITSQNIWEGLWMNCVVQSTGQMQCKVYDSLLALPQDLQAARALIVVAILLAAFGLLVALVGAQATNAVQDDTAKAKITIVAGVLFLLAALLTLVPVSWSANTIIRDFYNPVVPEAQKREMGAGLYVGWAAAALQLLGGALCAASAPPREKKYTATKVVYSAPRSTGPGASLGTGYDRKDYV,"SUBCELLULAR LOCATION: Cell junction, tight junction {ECO:0000250|UniProtKB:Q9Z0G9}. Cell membrane {ECO:0000250|UniProtKB:Q9Z0G9}; Multi-pass membrane protein {ECO:0000250|UniProtKB:Q9Z0G9}.","TOPO_DOM 1..8; /note=""Cytoplasmic""; /evidence=""ECO:0000255""; TOPO_DOM 30..80; /note=""Extracellular""; /evidence=""ECO:0000255""; TOPO_DOM 102..115; /note=""Cytoplasmic""; /evidence=""ECO:0000255""; TOPO_DOM 137..159; /note=""Extracellular""; /evidence=""ECO:0000255""; TOPO_DOM 181..220; /note=""Cytoplasmic""; /evidence=""ECO:0000255""","TRANSMEM 9..29; /note=""Helical""; /evidence=""ECO:0000255""; TRANSMEM 81..101; /note=""Helical""; /evidence=""ECO:0000255""; TRANSMEM 116..136; /note=""Helical""; /evidence=""ECO:0000255""; TRANSMEM 160..180; /note=""Helical""; /evidence=""ECO:0000255"""
O15551_A181,181,0.05,CLD3_HUMAN,Claudin-3 (Clostridium perfringens enterotoxin receptor 2) (CPE-R 2) (CPE-receptor 2) (Rat ventral prostate.1 protein homolog) (hRVP1),CLDN3 C7orf1 CPETR2,220,MSMGLEITGTALAVLGWLGTIVCCALPMWRVSAFIGSNIITSQNIWEGLWMNCVVQSTGQMQCKVYDSLLALPQDLQAARALIVVAILLAAFGLLVALVGAQATNAVQDDTAKAKITIVAGVLFLLAALLTLVPVSWSANTIIRDFYNPVVPEAQKREMGAGLYVGWAAAALQLLGGALLCASAPPREKKYTATKVVYSAPRSTGPGASLGTGYDRKDYV,"SUBCELLULAR LOCATION: Cell junction, tight junction {ECO:0000250|UniProtKB:Q9Z0G9}. Cell membrane {ECO:0000250|UniProtKB:Q9Z0G9}; Multi-pass membrane protein {ECO:0000250|UniProtKB:Q9Z0G9}.","TOPO_DOM 1..8; /note=""Cytoplasmic""; /evidence=""ECO:0000255""; TOPO_DOM 30..80; /note=""Extracellular""; /evidence=""ECO:0000255""; TOPO_DOM 102..115; /note=""Cytoplasmic""; /evidence=""ECO:0000255""; TOPO_DOM 137..159; /note=""Extracellular""; /evidence=""ECO:0000255""; TOPO_DOM 181..220; /note=""Cytoplasmic""; /evidence=""ECO:0000255""","TRANSMEM 9..29; /note=""Helical""; /evidence=""ECO:0000255""; TRANSMEM 81..101; /note=""Helical""; /evidence=""ECO:0000255""; TRANSMEM 116..136; /note=""Helical""; /evidence=""ECO:0000255""; TRANSMEM 160..180; /note=""Helical""; /evidence=""ECO:0000255"""
O15551_A182,182,0.88,CLD3_HUMAN,Claudin-3 (Clostridium perfringens enterotoxin receptor 2) (CPE-R 2) (CPE-receptor 2) (Rat ventral prostate.1 protein homolog) (hRVP1),CLDN3 C7orf1 CPETR2,220,MSMGLEITGTALAVLGWLGTIVCCALPMWRVSAFIGSNIITSQNIWEGLWMNCVVQSTGQMQCKVYDSLLALPQDLQAARALIVVAILLAAFGLLVALVGAQATNAVQDDTAKAKITIVAGVLFLLAALLTLVPVSWSANTIIRDFYNPVVPEAQKREMGAGLYVGWAAAALQLLGGALLACSAPPREKKYTATKVVYSAPRSTGPGASLGTGYDRKDYV,"SUBCELLULAR LOCATION: Cell junction, tight junction {ECO:0000250|UniProtKB:Q9Z0G9}. Cell membrane {ECO:0000250|UniProtKB:Q9Z0G9}; Multi-pass membrane protein {ECO:0000250|UniProtKB:Q9Z0G9}.","TOPO_DOM 1..8; /note=""Cytoplasmic""; /evidence=""ECO:0000255""; TOPO_DOM 30..80; /note=""Extracellular""; /evidence=""ECO:0000255""; TOPO_DOM 102..115; /note=""Cytoplasmic""; /evidence=""ECO:0000255""; TOPO_DOM 137..159; /note=""Extracellular""; /evidence=""ECO:0000255""; TOPO_DOM 181..220; /note=""Cytoplasmic""; /evidence=""ECO:0000255""","TRANSMEM 9..29; /note=""Helical""; /evidence=""ECO:0000255""; TRANSMEM 81..101; /note=""Helical""; /evidence=""ECO:0000255""; TRANSMEM 116..136; /note=""Helical""; /evidence=""ECO:0000255""; TRANSMEM 160..180; /note=""Helical""; /evidence=""ECO:0000255"""
O15551_S183,183,0.64,CLD3_HUMAN,Claudin-3 (Clostridium perfringens enterotoxin receptor 2) (CPE-R 2) (CPE-receptor 2) (Rat ventral prostate.1 protein homolog) (hRVP1),CLDN3 C7orf1 CPETR2,220,MSMGLEITGTALAVLGWLGTIVCCALPMWRVSAFIGSNIITSQNIWEGLWMNCVVQSTGQMQCKVYDSLLALPQDLQAARALIVVAILLAAFGLLVALVGAQATNAVQDDTAKAKITIVAGVLFLLAALLTLVPVSWSANTIIRDFYNPVVPEAQKREMGAGLYVGWAAAALQLLGGALLAACAPPREKKYTATKVVYSAPRSTGPGASLGTGYDRKDYV,"SUBCELLULAR LOCATION: Cell junction, tight junction {ECO:0000250|UniProtKB:Q9Z0G9}. Cell membrane {ECO:0000250|UniProtKB:Q9Z0G9}; Multi-pass membrane protein {ECO:0000250|UniProtKB:Q9Z0G9}.","TOPO_DOM 1..8; /note=""Cytoplasmic""; /evidence=""ECO:0000255""; TOPO_DOM 30..80; /note=""Extracellular""; /evidence=""ECO:0000255""; TOPO_DOM 102..115; /note=""Cytoplasmic""; /evidence=""ECO:0000255""; TOPO_DOM 137..159; /note=""Extracellular""; /evidence=""ECO:0000255""; TOPO_DOM 181..220; /note=""Cytoplasmic""; /evidence=""ECO:0000255""","TRANSMEM 9..29; /note=""Helical""; /evidence=""ECO:0000255""; TRANSMEM 81..101; /note=""Helical""; /evidence=""ECO:0000255""; TRANSMEM 116..136; /note=""Helical""; /evidence=""ECO:0000255""; TRANSMEM 160..180; /note=""Helical""; /evidence=""ECO:0000255"""
O15551_A184,184,0.64,CLD3_HUMAN,Claudin-3 (Clostridium perfringens enterotoxin receptor 2) (CPE-R 2) (CPE-receptor 2) (Rat ventral prostate.1 protein homolog) (hRVP1),CLDN3 C7orf1 CPETR2,220,MSMGLEITGTALAVLGWLGTIVCCALPMWRVSAFIGSNIITSQNIWEGLWMNCVVQSTGQMQCKVYDSLLALPQDLQAARALIVVAILLAAFGLLVALVGAQATNAVQDDTAKAKITIVAGVLFLLAALLTLVPVSWSANTIIRDFYNPVVPEAQKREMGAGLYVGWAAAALQLLGGALLAASCPPREKKYTATKVVYSAPRSTGPGASLGTGYDRKDYV,"SUBCELLULAR LOCATION: Cell junction, tight junction {ECO:0000250|UniProtKB:Q9Z0G9}. Cell membrane {ECO:0000250|UniProtKB:Q9Z0G9}; Multi-pass membrane protein {ECO:0000250|UniProtKB:Q9Z0G9}.","TOPO_DOM 1..8; /note=""Cytoplasmic""; /evidence=""ECO:0000255""; TOPO_DOM 30..80; /note=""Extracellular""; /evidence=""ECO:0000255""; TOPO_DOM 102..115; /note=""Cytoplasmic""; /evidence=""ECO:0000255""; TOPO_DOM 137..159; /note=""Extracellular""; /evidence=""ECO:0000255""; TOPO_DOM 181..220; /note=""Cytoplasmic""; /evidence=""ECO:0000255""","TRANSMEM 9..29; /note=""Helical""; /evidence=""ECO:0000255""; TRANSMEM 81..101; /note=""Helical""; /evidence=""ECO:0000255""; TRANSMEM 116..136; /note=""Helical""; /evidence=""ECO:0000255""; TRANSMEM 160..180; /note=""Helical""; /evidence=""ECO:0000255"""
O15551_P185,185,0.86,CLD3_HUMAN,Claudin-3 (Clostridium perfringens enterotoxin receptor 2) (CPE-R 2) (CPE-receptor 2) (Rat ventral prostate.1 protein homolog) (hRVP1),CLDN3 C7orf1 CPETR2,220,MSMGLEITGTALAVLGWLGTIVCCALPMWRVSAFIGSNIITSQNIWEGLWMNCVVQSTGQMQCKVYDSLLALPQDLQAARALIVVAILLAAFGLLVALVGAQATNAVQDDTAKAKITIVAGVLFLLAALLTLVPVSWSANTIIRDFYNPVVPEAQKREMGAGLYVGWAAAALQLLGGALLAASACPREKKYTATKVVYSAPRSTGPGASLGTGYDRKDYV,"SUBCELLULAR LOCATION: Cell junction, tight junction {ECO:0000250|UniProtKB:Q9Z0G9}. Cell membrane {ECO:0000250|UniProtKB:Q9Z0G9}; Multi-pass membrane protein {ECO:0000250|UniProtKB:Q9Z0G9}.","TOPO_DOM 1..8; /note=""Cytoplasmic""; /evidence=""ECO:0000255""; TOPO_DOM 30..80; /note=""Extracellular""; /evidence=""ECO:0000255""; TOPO_DOM 102..115; /note=""Cytoplasmic""; /evidence=""ECO:0000255""; TOPO_DOM 137..159; /note=""Extracellular""; /evidence=""ECO:0000255""; TOPO_DOM 181..220; /note=""Cytoplasmic""; /evidence=""ECO:0000255""","TRANSMEM 9..29; /note=""Helical""; /evidence=""ECO:0000255""; TRANSMEM 81..101; /note=""Helical""; /evidence=""ECO:0000255""; TRANSMEM 116..136; /note=""Helical""; /evidence=""ECO:0000255""; TRANSMEM 160..180; /note=""Helical""; /evidence=""ECO:0000255"""
O15551_P186,186,0.75,CLD3_HUMAN,Claudin-3 (Clostridium perfringens enterotoxin receptor 2) (CPE-R 2) (CPE-receptor 2) (Rat ventral prostate.1 protein homolog) (hRVP1),CLDN3 C7orf1 CPETR2,220,MSMGLEITGTALAVLGWLGTIVCCALPMWRVSAFIGSNIITSQNIWEGLWMNCVVQSTGQMQCKVYDSLLALPQDLQAARALIVVAILLAAFGLLVALVGAQATNAVQDDTAKAKITIVAGVLFLLAALLTLVPVSWSANTIIRDFYNPVVPEAQKREMGAGLYVGWAAAALQLLGGALLAASAPCREKKYTATKVVYSAPRSTGPGASLGTGYDRKDYV,"SUBCELLULAR LOCATION: Cell junction, tight junction {ECO:0000250|UniProtKB:Q9Z0G9}. Cell membrane {ECO:0000250|UniProtKB:Q9Z0G9}; Multi-pass membrane protein {ECO:0000250|UniProtKB:Q9Z0G9}.","TOPO_DOM 1..8; /note=""Cytoplasmic""; /evidence=""ECO:0000255""; TOPO_DOM 30..80; /note=""Extracellular""; /evidence=""ECO:0000255""; TOPO_DOM 102..115; /note=""Cytoplasmic""; /evidence=""ECO:0000255""; TOPO_DOM 137..159; /note=""Extracellular""; /evidence=""ECO:0000255""; TOPO_DOM 181..220; /note=""Cytoplasmic""; /evidence=""ECO:0000255""","TRANSMEM 9..29; /note=""Helical""; /evidence=""ECO:0000255""; TRANSMEM 81..101; /note=""Helical""; /evidence=""ECO:0000255""; TRANSMEM 116..136; /note=""Helical""; /evidence=""ECO:0000255""; TRANSMEM 160..180; /note=""Helical""; /evidence=""ECO:0000255"""
P02945_M45,45,0.8,BACR_HALSA,Bacteriorhodopsin (BR) (Bacterioopsin) (BO),bop VNG_1467G,262,MLELLPTAVEGVSQAQITGRPEWIWLALGTALMGLGTLYFLVKGCGVSDPDAKKFYAITTLVPAIAFTMYLSMLLGYGLTMVPFGGEQNPIYWARYADWLFTTPLLLLDLALLVDADQGTILALVGADGIMIGTGLVGALTKVYSYRFVWWAISTAAMLYILYVLFFGFTSKAESMRPEVASTFKVLRNVTVVLWSAYPVVWLIGSEGAGIVPLNIETLLFMVLDVSAKVGFGLILLRSRAIFGEAEAPEPSAGDGAAATSD,"SUBCELLULAR LOCATION: Cell membrane {ECO:0000269|PubMed:6706999}; Multi-pass membrane protein {ECO:0000269|PubMed:10452895, ECO:0000269|PubMed:10467143, ECO:0000269|PubMed:10548112, ECO:0000269|PubMed:10903866, ECO:0000269|PubMed:10949309, ECO:0000269|PubMed:11829498, ECO:0000269|PubMed:2614846, ECO:0000269|PubMed:28008064, ECO:0000269|PubMed:6706999, ECO:0000269|PubMed:9287223, ECO:0000269|PubMed:9632391, ECO:0000269|PubMed:9751724}.","TOPO_DOM 14..22; /note=""Extracellular""; /evidence=""ECO:0000269|PubMed:10452895, ECO:0000269|PubMed:28008064, ECO:0007744|PDB:1C3W""; TOPO_DOM 43..56; /note=""Cytoplasmic""; /evidence=""ECO:0000269|PubMed:10452895, ECO:0000269|PubMed:28008064, ECO:0007744|PDB:1C3W""; TOPO_DOM 76..92; /note=""Extracellular""; /evidence=""ECO:0000269|PubMed:10452895, ECO:0000269|PubMed:28008064, ECO:0007744|PDB:1C3W""; TOPO_DOM 110..120; /note=""Cytoplasmic""; /evidence=""ECO:0000269|PubMed:10452895, ECO:0000269|PubMed:28008064, ECO:0007744|PDB:1C3W""; TOPO_DOM 141..147; /note=""Extracellular""; /evidence=""ECO:0000269|PubMed:10452895, ECO:0000269|PubMed:28008064, ECO:0007744|PDB:1C3W""; TOPO_DOM 168..185; /note=""Cytoplasmic""; /evidence=""ECO:0000269|PubMed:10452895, ECO:0000269|PubMed:28008064, ECO:0007744|PDB:1C3W""; TOPO_DOM 205..216; /note=""Extracellular""; /evidence=""ECO:0000269|PubMed:10452895, ECO:0000269|PubMed:28008064, ECO:0007744|PDB:1C3W""; TOPO_DOM 237..262; /note=""Cytoplasmic""; /evidence=""ECO:0000269|PubMed:10452895, ECO:0000269|PubMed:28008064, ECO:0007744|PDB:1C3W""","TRANSMEM 23..42; /note=""Helical; Name=Helix A""; /evidence=""ECO:0000269|PubMed:10452895, ECO:0000269|PubMed:28008064, ECO:0007744|PDB:1C3W""; TRANSMEM 57..75; /note=""Helical; Name=Helix B""; /evidence=""ECO:0000269|PubMed:10452895, ECO:0000269|PubMed:28008064, ECO:0007744|PDB:1C3W""; TRANSMEM 93..109; /note=""Helical; Name=Helix C""; /evidence=""ECO:0000269|PubMed:10452895, ECO:0000269|PubMed:28008064, ECO:0007744|PDB:1C3W""; TRANSMEM 121..140; /note=""Helical; Name=Helix D""; /evidence=""ECO:0000269|PubMed:10452895, ECO:0000269|PubMed:28008064, ECO:0007744|PDB:1C3W""; TRANSMEM 148..167; /note=""Helical; Name=Helix E""; /evidence=""ECO:0000269|PubMed:10452895, ECO:0000269|PubMed:28008064, ECO:0007744|PDB:1C3W""; TRANSMEM 186..204; /note=""Helical; Name=Helix F""; /evidence=""ECO:0000269|PubMed:10452895, ECO:0000269|PubMed:28008064, ECO:0007744|PDB:1C3W""; TRANSMEM 217..236; /note=""Helical; Name=Helix G""; /evidence=""ECO:0000269|PubMed:10452895, ECO:0000269|PubMed:28008064, ECO:0007744|PDB:1C3W"""
P02945_A57,57,0.3,BACR_HALSA,Bacteriorhodopsin (BR) (Bacterioopsin) (BO),bop VNG_1467G,262,MLELLPTAVEGVSQAQITGRPEWIWLALGTALMGLGTLYFLVKGMGVSDPDAKKFYCITTLVPAIAFTMYLSMLLGYGLTMVPFGGEQNPIYWARYADWLFTTPLLLLDLALLVDADQGTILALVGADGIMIGTGLVGALTKVYSYRFVWWAISTAAMLYILYVLFFGFTSKAESMRPEVASTFKVLRNVTVVLWSAYPVVWLIGSEGAGIVPLNIETLLFMVLDVSAKVGFGLILLRSRAIFGEAEAPEPSAGDGAAATSD,"SUBCELLULAR LOCATION: Cell membrane {ECO:0000269|PubMed:6706999}; Multi-pass membrane protein {ECO:0000269|PubMed:10452895, ECO:0000269|PubMed:10467143, ECO:0000269|PubMed:10548112, ECO:0000269|PubMed:10903866, ECO:0000269|PubMed:10949309, ECO:0000269|PubMed:11829498, ECO:0000269|PubMed:2614846, ECO:0000269|PubMed:28008064, ECO:0000269|PubMed:6706999, ECO:0000269|PubMed:9287223, ECO:0000269|PubMed:9632391, ECO:0000269|PubMed:9751724}.","TOPO_DOM 14..22; /note=""Extracellular""; /evidence=""ECO:0000269|PubMed:10452895, ECO:0000269|PubMed:28008064, ECO:0007744|PDB:1C3W""; TOPO_DOM 43..56; /note=""Cytoplasmic""; /evidence=""ECO:0000269|PubMed:10452895, ECO:0000269|PubMed:28008064, ECO:0007744|PDB:1C3W""; TOPO_DOM 76..92; /note=""Extracellular""; /evidence=""ECO:0000269|PubMed:10452895, ECO:0000269|PubMed:28008064, ECO:0007744|PDB:1C3W""; TOPO_DOM 110..120; /note=""Cytoplasmic""; /evidence=""ECO:0000269|PubMed:10452895, ECO:0000269|PubMed:28008064, ECO:0007744|PDB:1C3W""; TOPO_DOM 141..147; /note=""Extracellular""; /evidence=""ECO:0000269|PubMed:10452895, ECO:0000269|PubMed:28008064, ECO:0007744|PDB:1C3W""; TOPO_DOM 168..185; /note=""Cytoplasmic""; /evidence=""ECO:0000269|PubMed:10452895, ECO:0000269|PubMed:28008064, ECO:0007744|PDB:1C3W""; TOPO_DOM 205..216; /note=""Extracellular""; /evidence=""ECO:0000269|PubMed:10452895, ECO:0000269|PubMed:28008064, ECO:0007744|PDB:1C3W""; TOPO_DOM 237..262; /note=""Cytoplasmic""; /evidence=""ECO:0000269|PubMed:10452895, ECO:0000269|PubMed:28008064, ECO:0007744|PDB:1C3W""","TRANSMEM 23..42; /note=""Helical; Name=Helix A""; /evidence=""ECO:0000269|PubMed:10452895, ECO:0000269|PubMed:28008064, ECO:0007744|PDB:1C3W""; TRANSMEM 57..75; /note=""Helical; Name=Helix B""; /evidence=""ECO:0000269|PubMed:10452895, ECO:0000269|PubMed:28008064, ECO:0007744|PDB:1C3W""; TRANSMEM 93..109; /note=""Helical; Name=Helix C""; /evidence=""ECO:0000269|PubMed:10452895, ECO:0000269|PubMed:28008064, ECO:0007744|PDB:1C3W""; TRANSMEM 121..140; /note=""Helical; Name=Helix D""; /evidence=""ECO:0000269|PubMed:10452895, ECO:0000269|PubMed:28008064, ECO:0007744|PDB:1C3W""; TRANSMEM 148..167; /note=""Helical; Name=Helix E""; /evidence=""ECO:0000269|PubMed:10452895, ECO:0000269|PubMed:28008064, ECO:0007744|PDB:1C3W""; TRANSMEM 186..204; /note=""Helical; Name=Helix F""; /evidence=""ECO:0000269|PubMed:10452895, ECO:0000269|PubMed:28008064, ECO:0007744|PDB:1C3W""; TRANSMEM 217..236; /note=""Helical; Name=Helix G""; /evidence=""ECO:0000269|PubMed:10452895, ECO:0000269|PubMed:28008064, ECO:0007744|PDB:1C3W"""
P02945_L122,122,0.35,BACR_HALSA,Bacteriorhodopsin (BR) (Bacterioopsin) (BO),bop VNG_1467G,262,MLELLPTAVEGVSQAQITGRPEWIWLALGTALMGLGTLYFLVKGMGVSDPDAKKFYAITTLVPAIAFTMYLSMLLGYGLTMVPFGGEQNPIYWARYADWLFTTPLLLLDLALLVDADQGTICALVGADGIMIGTGLVGALTKVYSYRFVWWAISTAAMLYILYVLFFGFTSKAESMRPEVASTFKVLRNVTVVLWSAYPVVWLIGSEGAGIVPLNIETLLFMVLDVSAKVGFGLILLRSRAIFGEAEAPEPSAGDGAAATSD,"SUBCELLULAR LOCATION: Cell membrane {ECO:0000269|PubMed:6706999}; Multi-pass membrane protein {ECO:0000269|PubMed:10452895, ECO:0000269|PubMed:10467143, ECO:0000269|PubMed:10548112, ECO:0000269|PubMed:10903866, ECO:0000269|PubMed:10949309, ECO:0000269|PubMed:11829498, ECO:0000269|PubMed:2614846, ECO:0000269|PubMed:28008064, ECO:0000269|PubMed:6706999, ECO:0000269|PubMed:9287223, ECO:0000269|PubMed:9632391, ECO:0000269|PubMed:9751724}.","TOPO_DOM 14..22; /note=""Extracellular""; /evidence=""ECO:0000269|PubMed:10452895, ECO:0000269|PubMed:28008064, ECO:0007744|PDB:1C3W""; TOPO_DOM 43..56; /note=""Cytoplasmic""; /evidence=""ECO:0000269|PubMed:10452895, ECO:0000269|PubMed:28008064, ECO:0007744|PDB:1C3W""; TOPO_DOM 76..92; /note=""Extracellular""; /evidence=""ECO:0000269|PubMed:10452895, ECO:0000269|PubMed:28008064, ECO:0007744|PDB:1C3W""; TOPO_DOM 110..120; /note=""Cytoplasmic""; /evidence=""ECO:0000269|PubMed:10452895, ECO:0000269|PubMed:28008064, ECO:0007744|PDB:1C3W""; TOPO_DOM 141..147; /note=""Extracellular""; /evidence=""ECO:0000269|PubMed:10452895, ECO:0000269|PubMed:28008064, ECO:0007744|PDB:1C3W""; TOPO_DOM 168..185; /note=""Cytoplasmic""; /evidence=""ECO:0000269|PubMed:10452895, ECO:0000269|PubMed:28008064, ECO:0007744|PDB:1C3W""; TOPO_DOM 205..216; /note=""Extracellular""; /evidence=""ECO:0000269|PubMed:10452895, ECO:0000269|PubMed:28008064, ECO:0007744|PDB:1C3W""; TOPO_DOM 237..262; /note=""Cytoplasmic""; /evidence=""ECO:0000269|PubMed:10452895, ECO:0000269|PubMed:28008064, ECO:0007744|PDB:1C3W""","TRANSMEM 23..42; /note=""Helical; Name=Helix A""; /evidence=""ECO:0000269|PubMed:10452895, ECO:0000269|PubMed:28008064, ECO:0007744|PDB:1C3W""; TRANSMEM 57..75; /note=""Helical; Name=Helix B""; /evidence=""ECO:0000269|PubMed:10452895, ECO:0000269|PubMed:28008064, ECO:0007744|PDB:1C3W""; TRANSMEM 93..109; /note=""Helical; Name=Helix C""; /evidence=""ECO:0000269|PubMed:10452895, ECO:0000269|PubMed:28008064, ECO:0007744|PDB:1C3W""; TRANSMEM 121..140; /note=""Helical; Name=Helix D""; /evidence=""ECO:0000269|PubMed:10452895, ECO:0000269|PubMed:28008064, ECO:0007744|PDB:1C3W""; TRANSMEM 148..167; /note=""Helical; Name=Helix E""; /evidence=""ECO:0000269|PubMed:10452895, ECO:0000269|PubMed:28008064, ECO:0007744|PDB:1C3W""; TRANSMEM 186..204; /note=""Helical; Name=Helix F""; /evidence=""ECO:0000269|PubMed:10452895, ECO:0000269|PubMed:28008064, ECO:0007744|PDB:1C3W""; TRANSMEM 217..236; /note=""Helical; Name=Helix G""; /evidence=""ECO:0000269|PubMed:10452895, ECO:0000269|PubMed:28008064, ECO:0007744|PDB:1C3W"""
P02945_F166,166,0.05,BACR_HALSA,Bacteriorhodopsin (BR) (Bacterioopsin) (BO),bop VNG_1467G,262,MLELLPTAVEGVSQAQITGRPEWIWLALGTALMGLGTLYFLVKGMGVSDPDAKKFYAITTLVPAIAFTMYLSMLLGYGLTMVPFGGEQNPIYWARYADWLFTTPLLLLDLALLVDADQGTILALVGADGIMIGTGLVGALTKVYSYRFVWWAISTAAMLYILYVLCFGFTSKAESMRPEVASTFKVLRNVTVVLWSAYPVVWLIGSEGAGIVPLNIETLLFMVLDVSAKVGFGLILLRSRAIFGEAEAPEPSAGDGAAATSD,"SUBCELLULAR LOCATION: Cell membrane {ECO:0000269|PubMed:6706999}; Multi-pass membrane protein {ECO:0000269|PubMed:10452895, ECO:0000269|PubMed:10467143, ECO:0000269|PubMed:10548112, ECO:0000269|PubMed:10903866, ECO:0000269|PubMed:10949309, ECO:0000269|PubMed:11829498, ECO:0000269|PubMed:2614846, ECO:0000269|PubMed:28008064, ECO:0000269|PubMed:6706999, ECO:0000269|PubMed:9287223, ECO:0000269|PubMed:9632391, ECO:0000269|PubMed:9751724}.","TOPO_DOM 14..22; /note=""Extracellular""; /evidence=""ECO:0000269|PubMed:10452895, ECO:0000269|PubMed:28008064, ECO:0007744|PDB:1C3W""; TOPO_DOM 43..56; /note=""Cytoplasmic""; /evidence=""ECO:0000269|PubMed:10452895, ECO:0000269|PubMed:28008064, ECO:0007744|PDB:1C3W""; TOPO_DOM 76..92; /note=""Extracellular""; /evidence=""ECO:0000269|PubMed:10452895, ECO:0000269|PubMed:28008064, ECO:0007744|PDB:1C3W""; TOPO_DOM 110..120; /note=""Cytoplasmic""; /evidence=""ECO:0000269|PubMed:10452895, ECO:0000269|PubMed:28008064, ECO:0007744|PDB:1C3W""; TOPO_DOM 141..147; /note=""Extracellular""; /evidence=""ECO:0000269|PubMed:10452895, ECO:0000269|PubMed:28008064, ECO:0007744|PDB:1C3W""; TOPO_DOM 168..185; /note=""Cytoplasmic""; /evidence=""ECO:0000269|PubMed:10452895, ECO:0000269|PubMed:28008064, ECO:0007744|PDB:1C3W""; TOPO_DOM 205..216; /note=""Extracellular""; /evidence=""ECO:0000269|PubMed:10452895, ECO:0000269|PubMed:28008064, ECO:0007744|PDB:1C3W""; TOPO_DOM 237..262; /note=""Cytoplasmic""; /evidence=""ECO:0000269|PubMed:10452895, ECO:0000269|PubMed:28008064, ECO:0007744|PDB:1C3W""","TRANSMEM 23..42; /note=""Helical; Name=Helix A""; /evidence=""ECO:0000269|PubMed:10452895, ECO:0000269|PubMed:28008064, ECO:0007744|PDB:1C3W""; TRANSMEM 57..75; /note=""Helical; Name=Helix B""; /evidence=""ECO:0000269|PubMed:10452895, ECO:0000269|PubMed:28008064, ECO:0007744|PDB:1C3W""; TRANSMEM 93..109; /note=""Helical; Name=Helix C""; /evidence=""ECO:0000269|PubMed:10452895, ECO:0000269|PubMed:28008064, ECO:0007744|PDB:1C3W""; TRANSMEM 121..140; /note=""Helical; Name=Helix D""; /evidence=""ECO:0000269|PubMed:10452895, ECO:0000269|PubMed:28008064, ECO:0007744|PDB:1C3W""; TRANSMEM 148..167; /note=""Helical; Name=Helix E""; /evidence=""ECO:0000269|PubMed:10452895, ECO:0000269|PubMed:28008064, ECO:0007744|PDB:1C3W""; TRANSMEM 186..204; /note=""Helical; Name=Helix F""; /evidence=""ECO:0000269|PubMed:10452895, ECO:0000269|PubMed:28008064, ECO:0007744|PDB:1C3W""; TRANSMEM 217..236; /note=""Helical; Name=Helix G""; /evidence=""ECO:0000269|PubMed:10452895, ECO:0000269|PubMed:28008064, ECO:0007744|PDB:1C3W"""
P02945_N189,189,0.1,BACR_HALSA,Bacteriorhodopsin (BR) (Bacterioopsin) (BO),bop VNG_1467G,262,MLELLPTAVEGVSQAQITGRPEWIWLALGTALMGLGTLYFLVKGMGVSDPDAKKFYAITTLVPAIAFTMYLSMLLGYGLTMVPFGGEQNPIYWARYADWLFTTPLLLLDLALLVDADQGTILALVGADGIMIGTGLVGALTKVYSYRFVWWAISTAAMLYILYVLFFGFTSKAESMRPEVASTFKVLRCVTVVLWSAYPVVWLIGSEGAGIVPLNIETLLFMVLDVSAKVGFGLILLRSRAIFGEAEAPEPSAGDGAAATSD,"SUBCELLULAR LOCATION: Cell membrane {ECO:0000269|PubMed:6706999}; Multi-pass membrane protein {ECO:0000269|PubMed:10452895, ECO:0000269|PubMed:10467143, ECO:0000269|PubMed:10548112, ECO:0000269|PubMed:10903866, ECO:0000269|PubMed:10949309, ECO:0000269|PubMed:11829498, ECO:0000269|PubMed:2614846, ECO:0000269|PubMed:28008064, ECO:0000269|PubMed:6706999, ECO:0000269|PubMed:9287223, ECO:0000269|PubMed:9632391, ECO:0000269|PubMed:9751724}.","TOPO_DOM 14..22; /note=""Extracellular""; /evidence=""ECO:0000269|PubMed:10452895, ECO:0000269|PubMed:28008064, ECO:0007744|PDB:1C3W""; TOPO_DOM 43..56; /note=""Cytoplasmic""; /evidence=""ECO:0000269|PubMed:10452895, ECO:0000269|PubMed:28008064, ECO:0007744|PDB:1C3W""; TOPO_DOM 76..92; /note=""Extracellular""; /evidence=""ECO:0000269|PubMed:10452895, ECO:0000269|PubMed:28008064, ECO:0007744|PDB:1C3W""; TOPO_DOM 110..120; /note=""Cytoplasmic""; /evidence=""ECO:0000269|PubMed:10452895, ECO:0000269|PubMed:28008064, ECO:0007744|PDB:1C3W""; TOPO_DOM 141..147; /note=""Extracellular""; /evidence=""ECO:0000269|PubMed:10452895, ECO:0000269|PubMed:28008064, ECO:0007744|PDB:1C3W""; TOPO_DOM 168..185; /note=""Cytoplasmic""; /evidence=""ECO:0000269|PubMed:10452895, ECO:0000269|PubMed:28008064, ECO:0007744|PDB:1C3W""; TOPO_DOM 205..216; /note=""Extracellular""; /evidence=""ECO:0000269|PubMed:10452895, ECO:0000269|PubMed:28008064, ECO:0007744|PDB:1C3W""; TOPO_DOM 237..262; /note=""Cytoplasmic""; /evidence=""ECO:0000269|PubMed:10452895, ECO:0000269|PubMed:28008064, ECO:0007744|PDB:1C3W""","TRANSMEM 23..42; /note=""Helical; Name=Helix A""; /evidence=""ECO:0000269|PubMed:10452895, ECO:0000269|PubMed:28008064, ECO:0007744|PDB:1C3W""; TRANSMEM 57..75; /note=""Helical; Name=Helix B""; /evidence=""ECO:0000269|PubMed:10452895, ECO:0000269|PubMed:28008064, ECO:0007744|PDB:1C3W""; TRANSMEM 93..109; /note=""Helical; Name=Helix C""; /evidence=""ECO:0000269|PubMed:10452895, ECO:0000269|PubMed:28008064, ECO:0007744|PDB:1C3W""; TRANSMEM 121..140; /note=""Helical; Name=Helix D""; /evidence=""ECO:0000269|PubMed:10452895, ECO:0000269|PubMed:28008064, ECO:0007744|PDB:1C3W""; TRANSMEM 148..167; /note=""Helical; Name=Helix E""; /evidence=""ECO:0000269|PubMed:10452895, ECO:0000269|PubMed:28008064, ECO:0007744|PDB:1C3W""; TRANSMEM 186..204; /note=""Helical; Name=Helix F""; /evidence=""ECO:0000269|PubMed:10452895, ECO:0000269|PubMed:28008064, ECO:0007744|PDB:1C3W""; TRANSMEM 217..236; /note=""Helical; Name=Helix G""; /evidence=""ECO:0000269|PubMed:10452895, ECO:0000269|PubMed:28008064, ECO:0007744|PDB:1C3W"""
P02945_R238,238,0.53,BACR_HALSA,Bacteriorhodopsin (BR) (Bacterioopsin) (BO),bop VNG_1467G,262,MLELLPTAVEGVSQAQITGRPEWIWLALGTALMGLGTLYFLVKGMGVSDPDAKKFYAITTLVPAIAFTMYLSMLLGYGLTMVPFGGEQNPIYWARYADWLFTTPLLLLDLALLVDADQGTILALVGADGIMIGTGLVGALTKVYSYRFVWWAISTAAMLYILYVLFFGFTSKAESMRPEVASTFKVLRNVTVVLWSAYPVVWLIGSEGAGIVPLNIETLLFMVLDVSAKVGFGLILLCSRAIFGEAEAPEPSAGDGAAATSD,"SUBCELLULAR LOCATION: Cell membrane {ECO:0000269|PubMed:6706999}; Multi-pass membrane protein {ECO:0000269|PubMed:10452895, ECO:0000269|PubMed:10467143, ECO:0000269|PubMed:10548112, ECO:0000269|PubMed:10903866, ECO:0000269|PubMed:10949309, ECO:0000269|PubMed:11829498, ECO:0000269|PubMed:2614846, ECO:0000269|PubMed:28008064, ECO:0000269|PubMed:6706999, ECO:0000269|PubMed:9287223, ECO:0000269|PubMed:9632391, ECO:0000269|PubMed:9751724}.","TOPO_DOM 14..22; /note=""Extracellular""; /evidence=""ECO:0000269|PubMed:10452895, ECO:0000269|PubMed:28008064, ECO:0007744|PDB:1C3W""; TOPO_DOM 43..56; /note=""Cytoplasmic""; /evidence=""ECO:0000269|PubMed:10452895, ECO:0000269|PubMed:28008064, ECO:0007744|PDB:1C3W""; TOPO_DOM 76..92; /note=""Extracellular""; /evidence=""ECO:0000269|PubMed:10452895, ECO:0000269|PubMed:28008064, ECO:0007744|PDB:1C3W""; TOPO_DOM 110..120; /note=""Cytoplasmic""; /evidence=""ECO:0000269|PubMed:10452895, ECO:0000269|PubMed:28008064, ECO:0007744|PDB:1C3W""; TOPO_DOM 141..147; /note=""Extracellular""; /evidence=""ECO:0000269|PubMed:10452895, ECO:0000269|PubMed:28008064, ECO:0007744|PDB:1C3W""; TOPO_DOM 168..185; /note=""Cytoplasmic""; /evidence=""ECO:0000269|PubMed:10452895, ECO:0000269|PubMed:28008064, ECO:0007744|PDB:1C3W""; TOPO_DOM 205..216; /note=""Extracellular""; /evidence=""ECO:0000269|PubMed:10452895, ECO:0000269|PubMed:28008064, ECO:0007744|PDB:1C3W""; TOPO_DOM 237..262; /note=""Cytoplasmic""; /evidence=""ECO:0000269|PubMed:10452895, ECO:0000269|PubMed:28008064, ECO:0007744|PDB:1C3W""","TRANSMEM 23..42; /note=""Helical; Name=Helix A""; /evidence=""ECO:0000269|PubMed:10452895, ECO:0000269|PubMed:28008064, ECO:0007744|PDB:1C3W""; TRANSMEM 57..75; /note=""Helical; Name=Helix B""; /evidence=""ECO:0000269|PubMed:10452895, ECO:0000269|PubMed:28008064, ECO:0007744|PDB:1C3W""; TRANSMEM 93..109; /note=""Helical; Name=Helix C""; /evidence=""ECO:0000269|PubMed:10452895, ECO:0000269|PubMed:28008064, ECO:0007744|PDB:1C3W""; TRANSMEM 121..140; /note=""Helical; Name=Helix D""; /evidence=""ECO:0000269|PubMed:10452895, ECO:0000269|PubMed:28008064, ECO:0007744|PDB:1C3W""; TRANSMEM 148..167; /note=""Helical; Name=Helix E""; /evidence=""ECO:0000269|PubMed:10452895, ECO:0000269|PubMed:28008064, ECO:0007744|PDB:1C3W""; TRANSMEM 186..204; /note=""Helical; Name=Helix F""; /evidence=""ECO:0000269|PubMed:10452895, ECO:0000269|PubMed:28008064, ECO:0007744|PDB:1C3W""; TRANSMEM 217..236; /note=""Helical; Name=Helix G""; /evidence=""ECO:0000269|PubMed:10452895, ECO:0000269|PubMed:28008064, ECO:0007744|PDB:1C3W"""
P0A334_S22,22,0.52,KCSA_STRLI,pH-gated potassium channel KcsA (Streptomyces lividans K+ channel) (SKC1),kcsA skc1,160,MPPMLSGLLARLVKLLLGRHGCALHWRAAGAATVLLVIVLLAGSYLAVLAERGAPGAQLITYPRALWWSVETATTVGYGDLYPVTLWGRLVAVVVMVAGITSFGLVTAALATWFVGREQERRGHFVRHSEKAAEEAYTRTTRALHERFDRLERMLDDNRR,SUBCELLULAR LOCATION: Cell membrane; Multi-pass membrane protein.,"TOPO_DOM 1..27; /note=""Cytoplasmic""; TOPO_DOM 51..61; /note=""Extracellular""; TOPO_DOM 81..87; /note=""Extracellular""; TOPO_DOM 112..160; /note=""Cytoplasmic""","TRANSMEM 28..50; /note=""Helical""; TRANSMEM 88..111; /note=""Helical"""
P0A334_R27,27,0.19,KCSA_STRLI,pH-gated potassium channel KcsA (Streptomyces lividans K+ channel) (SKC1),kcsA skc1,160,MPPMLSGLLARLVKLLLGRHGSALHWCAAGAATVLLVIVLLAGSYLAVLAERGAPGAQLITYPRALWWSVETATTVGYGDLYPVTLWGRLVAVVVMVAGITSFGLVTAALATWFVGREQERRGHFVRHSEKAAEEAYTRTTRALHERFDRLERMLDDNRR,SUBCELLULAR LOCATION: Cell membrane; Multi-pass membrane protein.,"TOPO_DOM 1..27; /note=""Cytoplasmic""; TOPO_DOM 51..61; /note=""Extracellular""; TOPO_DOM 81..87; /note=""Extracellular""; TOPO_DOM 112..160; /note=""Cytoplasmic""","TRANSMEM 28..50; /note=""Helical""; TRANSMEM 88..111; /note=""Helical"""